,0
0,EOD/NRF_P_A
1,EOD/AUDC
2,EOD/EZA
3,EOD/MNST
4,EOD/MTX
5,EOD/DSCO
6,EOD/CZWI
7,EOD/HSIC
8,EOD/STCK
9,EOD/FTD
10,EOD/RPAI_P_A
11,EOD/AFW
12,EOD/NBIX
13,EOD/ORIT
14,EOD/VISI
15,EOD/ICBK
16,EOD/CWT
17,EOD/SPAR
18,EOD/VKQ
19,EOD/CVG
20,EOD/ESND
21,EOD/I_P_A
22,EOD/IVH
23,EOD/FAF
24,EOD/LMCB
25,EOD/IOT
26,EOD/NNN
27,EOD/NKSH
28,EOD/GWRE
29,EOD/ARCO
30,EOD/PMF
31,EOD/NVCN
32,EOD/IYJ
33,EOD/CIDM
34,EOD/NPTN
35,EOD/GDL
36,EOD/STX
37,EOD/HAHA
38,EOD/VMBS
39,EOD/MLVF
40,EOD/PAACU
41,EOD/ESL
42,EOD/EWU
43,EOD/STC
44,EOD/CCI
45,EOD/FOF
46,EOD/QCOM
47,EOD/WRE
48,EOD/NTRA
49,EOD/ORMP
50,EOD/CLS
51,EOD/MORE
52,EOD/BPOPN
53,EOD/HSON
54,EOD/PBCT
55,EOD/CSH
56,EOD/FCAU
57,EOD/MU
58,EOD/OFED
59,EOD/DB
60,EOD/DJCO
61,EOD/NORD
62,EOD/DRAD
63,EOD/TNET
64,EOD/HPS
65,EOD/SOCB
66,EOD/UGLD
67,EOD/LNTH
68,EOD/WTT
69,EOD/CMU
70,EOD/EAGL
71,EOD/XRT
72,EOD/ENV
73,EOD/GNCA
74,EOD/ESBK
75,EOD/MNE
76,EOD/CENTA
77,EOD/SAP
78,EOD/APOG
79,EOD/HYS
80,EOD/F
81,EOD/RS
82,EOD/ARRS
83,EOD/NFRA
84,EOD/PKX
85,EOD/SSW_P_D
86,EOD/SHOR
87,EOD/GBR
88,EOD/MHFI
89,EOD/WRI
90,EOD/FFWM
91,EOD/HDRAW
92,EOD/GIGA
93,EOD/IBKC
94,EOD/HCAPL
95,EOD/HVT
96,EOD/LG
97,EOD/NRCIA
98,EOD/FOXA
99,EOD/NCT_P_C
100,EOD/VER
101,EOD/OBCI
102,EOD/EVN
103,EOD/DD_P_B
104,EOD/PFD
105,EOD/CONE
106,EOD/BCS_P_A
107,EOD/LOWC
108,EOD/AFSD
109,EOD/ASNA
110,EOD/EPAY
111,EOD/MDLY
112,EOD/KED
113,EOD/NKA
114,EOD/S
115,EOD/TRTLW
116,EOD/RVNC
117,EOD/ARGS
118,EOD/LHCG
119,EOD/ARI_P_A
120,EOD/KOLD
121,EOD/EDUC
122,EOD/PENN
123,EOD/SFNC
124,EOD/FAST
125,EOD/NPP
126,EOD/PCRX
127,EOD/TLK
128,EOD/BAC_P_Y
129,EOD/UFPT
130,EOD/FLO
131,EOD/FTSL
132,EOD/KW
133,EOD/IYZ
134,EOD/EPAM
135,EOD/IWM
136,EOD/WVVI
137,EOD/JSC
138,EOD/NRO
139,EOD/PCM
140,EOD/ADXSW
141,EOD/PNFP
142,EOD/PKO
143,EOD/WSTG
144,EOD/MTGEP
145,EOD/MANU
146,EOD/ADBE
147,EOD/VALU
148,EOD/MYOK
149,EOD/HPY
150,EOD/QDYN
151,EOD/GEN
152,EOD/FNHC
153,EOD/TDW
154,EOD/QAUS
155,EOD/DK
156,EOD/GPM
157,EOD/PAR
158,EOD/SYY
159,EOD/CDNA
160,EOD/WMCR
161,EOD/MSF
162,EOD/DGRE
163,EOD/ATRO
164,EOD/ADXS
165,EOD/BEN
166,EOD/APDN
167,EOD/EQC
168,EOD/VFH
169,EOD/MNGA
170,EOD/RGA
171,EOD/DERM
172,EOD/IMOS
173,EOD/CBNJ
174,EOD/MLNX
175,EOD/MRK
176,EOD/INFI
177,EOD/FRC_P_A
178,EOD/ENTG
179,EOD/EQWS
180,EOD/HRG
181,EOD/GSY
182,EOD/BBRG
183,EOD/ARTW
184,EOD/ONEY
185,EOD/GASS
186,EOD/STAF
187,EOD/OESX
188,EOD/NBN
189,EOD/WSM
190,EOD/APEI
191,EOD/UNTD
192,EOD/FRI
193,EOD/PRTA
194,EOD/NMO
195,EOD/BRSS
196,EOD/NERV
197,EOD/EVR
198,EOD/ZMLP
199,EOD/BRG_P_A
200,EOD/CPTA
201,EOD/LNCE
202,EOD/KOL
203,EOD/MOLG
204,EOD/CPA
205,EOD/JHMC
206,EOD/MHY
207,EOD/CMO
208,EOD/COB
209,EOD/RY_P_S
210,EOD/STAR_P_E
211,EOD/MBUU
212,EOD/PEG
213,EOD/DSE
214,EOD/FEIC
215,EOD/AJX
216,EOD/LGI
217,EOD/CMTL
218,EOD/WHR
219,EOD/CBM
220,EOD/LINE
221,EOD/OTIC
222,EOD/VMO
223,EOD/GMZ
224,EOD/WILC
225,EOD/CIVBP
226,EOD/HTF
227,EOD/CEO
228,EOD/TCRD
229,EOD/IJH
230,EOD/GPI
231,EOD/MVC
232,EOD/ALXN
233,EOD/FLDM
234,EOD/NWFL
235,EOD/EPU
236,EOD/DPM
237,EOD/SDT
238,EOD/LTC
239,EOD/MDLZ
240,EOD/EGIF
241,EOD/BMTC
242,EOD/CPRT
243,EOD/DEX
244,EOD/OSG
245,EOD/NNBR
246,EOD/FNJN
247,EOD/NAD
248,EOD/SORL
249,EOD/BUI
250,EOD/SFBS
251,EOD/AMRS
252,EOD/GSVC
253,EOD/NGVC
254,EOD/CHEP
255,EOD/ISRL
256,EOD/REPH
257,EOD/FAN
258,EOD/BBL
259,EOD/RTIX
260,EOD/DTLA_P
261,EOD/CLX
262,EOD/AXAS
263,EOD/BLVD
264,EOD/BLCM
265,EOD/NVLS
266,EOD/HLX
267,EOD/NPF
268,EOD/FENX
269,EOD/C_WS_A
270,EOD/WB
271,EOD/MMAC
272,EOD/RCD
273,EOD/CSU
274,EOD/DCT
275,EOD/EMES
276,EOD/VTR
277,EOD/LNC
278,EOD/ITEK
279,EOD/HSKA
280,EOD/MDSO
281,EOD/CELP
282,EOD/AMH
283,EOD/NGD
284,EOD/NLY
285,EOD/AFL
286,EOD/IEC
287,EOD/LRET
288,EOD/WMIH
289,EOD/VKTX
290,EOD/UHT
291,EOD/BPOP
292,EOD/JST
293,EOD/RAIL
294,EOD/EPR_P_E
295,EOD/WRLD
296,EOD/AADR
297,EOD/NCOM
298,EOD/ULTR
299,EOD/MRKT
300,EOD/CORR
301,EOD/WRB
302,EOD/CHI
303,EOD/DKS
304,EOD/EMAN
305,EOD/HFXI
306,EOD/JBHT
307,EOD/EMF
308,EOD/CEFL
309,EOD/TYNS
310,EOD/LXFT
311,EOD/IYM
312,EOD/JAH
313,EOD/ANIK
314,EOD/ISP
315,EOD/EPE
316,EOD/GHI
317,EOD/EFF
318,EOD/INN_P_B
319,EOD/FDIS
320,EOD/BGCP
321,EOD/CMF
322,EOD/COLM
323,EOD/HTZ
324,EOD/HNP
325,EOD/GOL
326,EOD/CGNX
327,EOD/ARMH
328,EOD/SMM
329,EOD/KOS
330,EOD/MHE
331,EOD/AFGH
332,EOD/ACTA
333,EOD/BCE
334,EOD/CBB
335,EOD/EEFT
336,EOD/RDCM
337,EOD/VEC
338,EOD/JYNT
339,EOD/DAC
340,EOD/ACHN
341,EOD/WU
342,EOD/PGH
343,EOD/MORL
344,EOD/KT
345,EOD/JWN
346,EOD/UTHR
347,EOD/MTT
348,EOD/COW
349,EOD/RLJ
350,EOD/VLGEA
351,EOD/VQTS
352,EOD/PNY
353,EOD/JMEI
354,EOD/DWSN
355,EOD/OC
356,EOD/ICAD
357,EOD/PNI
358,EOD/LINC
359,EOD/DFP
360,EOD/ROCK
361,EOD/BCH
362,EOD/GGP
363,EOD/TKAI
364,EOD/INAP
365,EOD/ADUS
366,EOD/TYPE
367,EOD/XCO
368,EOD/BRS
369,EOD/JPEP
370,EOD/GHC
371,EOD/DVHI
372,EOD/CTRL
373,EOD/CCNE
374,EOD/DNN
375,EOD/LBTYB
376,EOD/WASH
377,EOD/OHI
378,EOD/HLT
379,EOD/RJF
380,EOD/IFON
381,EOD/VGSH
382,EOD/TECS
383,EOD/CLYH
384,EOD/ZEUS
385,EOD/PAAS
386,EOD/RIBT
387,EOD/FIG
388,EOD/RESN
389,EOD/IMDZ
390,EOD/OEF
391,EOD/NYMT
392,EOD/NPI
393,EOD/DMF
394,EOD/JKJ
395,EOD/IAF
396,EOD/PYT
397,EOD/EVBS
398,EOD/BYLD
399,EOD/BECN
400,EOD/IVZ
401,EOD/FHN_P_A
402,EOD/MTZ
403,EOD/GFNSL
404,EOD/AMH_P_B
405,EOD/ONB
406,EOD/ALK
407,EOD/UEPS
408,EOD/RIC
409,EOD/SBLK
410,EOD/QNST
411,EOD/LOGM
412,EOD/PSMT
413,EOD/PBR
414,EOD/KAMN
415,EOD/NATI
416,EOD/PLOW
417,EOD/ARC
418,EOD/LAND
419,EOD/ASHX
420,EOD/ZAIS
421,EOD/ING
422,EOD/PSCD
423,EOD/CRDT
424,EOD/XOXO
425,EOD/PWOD
426,EOD/TAT
427,EOD/NUW
428,EOD/TSE
429,EOD/AMSC
430,EOD/NEE_P_C
431,EOD/TRMR
432,EOD/GRFS
433,EOD/TORM
434,EOD/LBRDA
435,EOD/ANF
436,EOD/VIIX
437,EOD/DNR
438,EOD/NEOS
439,EOD/AVP
440,EOD/CFO
441,EOD/MRD
442,EOD/ISCA
443,EOD/OXLCN
444,EOD/PLX
445,EOD/FNV
446,EOD/IMS
447,EOD/ENB
448,EOD/CAPL
449,EOD/HIE
450,EOD/EPP
451,EOD/FFKT
452,EOD/LOPE
453,EOD/PZE
454,EOD/DHRM
455,EOD/CXO
456,EOD/SOCL
457,EOD/WPG_P_H
458,EOD/CIVB
459,EOD/MAA
460,EOD/IWR
461,EOD/BST
462,EOD/CARZ
463,EOD/BTO
464,EOD/CHD
465,EOD/EAGLU
466,EOD/SJB
467,EOD/MJN
468,EOD/UXI
469,EOD/ECF
470,EOD/JPW
471,EOD/COOL
472,EOD/BHAC
473,EOD/FLXN
474,EOD/DAIO
475,EOD/WBS_P_E
476,EOD/ULTA
477,EOD/PHG
478,EOD/AVA
479,EOD/WWE
480,EOD/AA_P_B
481,EOD/DYSL
482,EOD/GIB
483,EOD/GHM
484,EOD/EVDY
485,EOD/DRQ
486,EOD/DDR
487,EOD/OIIM
488,EOD/CDK
489,EOD/DRWI
490,EOD/TWM
491,EOD/FMI
492,EOD/PMX
493,EOD/DEPO
494,EOD/MSA
495,EOD/AIC
496,EOD/LCM
497,EOD/FTGC
498,EOD/PH
499,EOD/HCOM
500,EOD/HPQ
501,EOD/IIVI
502,EOD/TSU
503,EOD/CWEI
504,EOD/DGRO
505,EOD/SONA
506,EOD/UBND
507,EOD/SZO
508,EOD/IRT
509,EOD/TRCB
510,EOD/CRNT
511,EOD/IPXL
512,EOD/LUK
513,EOD/RBS_P_T
514,EOD/IPAC
515,EOD/NVDQ
516,EOD/IPO
517,EOD/ILB
518,EOD/LKQ
519,EOD/OCRX
520,EOD/MSFG
521,EOD/CCA
522,EOD/CIZN
523,EOD/IRC
524,EOD/SBNB
525,EOD/ABDC
526,EOD/BDN
527,EOD/CMDT
528,EOD/EBSB
529,EOD/CBT
530,EOD/JBT
531,EOD/ITT
532,EOD/SRET
533,EOD/GILT
534,EOD/PPHM
535,EOD/CHNR
536,EOD/XLI
537,EOD/WPZ
538,EOD/RMD
539,EOD/JCP
540,EOD/VIVO
541,EOD/SNH
542,EOD/LPCN
543,EOD/GMLP
544,EOD/BDGE
545,EOD/DWAT
546,EOD/AMCX
547,EOD/RBS_P_H
548,EOD/LDRI
549,EOD/CPRX
550,EOD/CLH
551,EOD/FAV
552,EOD/EXCU
553,EOD/PMBC
554,EOD/FSI
555,EOD/MWG
556,EOD/TUMI
557,EOD/ICFI
558,EOD/CGEN
559,EOD/RLY
560,EOD/TDJ
561,EOD/CCV
562,EOD/DGLY
563,EOD/MOG_A
564,EOD/TCB
565,EOD/GUA
566,EOD/PFE
567,EOD/RSP
568,EOD/GLYC
569,EOD/ARIA
570,EOD/COSI
571,EOD/ORBC
572,EOD/FXD
573,EOD/MA
574,EOD/JJA
575,EOD/STAY
576,EOD/LODE
577,EOD/RXI
578,EOD/MBFIP
579,EOD/CBD
580,EOD/ASHS
581,EOD/CASY
582,EOD/DIN
583,EOD/BIOD
584,EOD/HUBG
585,EOD/CBMX
586,EOD/WAT
587,EOD/COP
588,EOD/MLP
589,EOD/QLTI
590,EOD/GT
591,EOD/ROIAK
592,EOD/BGFV
593,EOD/JHS
594,EOD/PML
595,EOD/RDWR
596,EOD/PPR
597,EOD/HBAN
598,EOD/ENG
599,EOD/CMI
